"","x"
"1","0.95"
"2","-0.02"
"3","-0.02"
"4","-0.02"
"5","-0.02"
"6","-0.02"
"7","-1.10"
"8","-1.10"
"9","-1.10"
"10","-1.10"
"11","-1.10"
"12","-1.13"
"13","-1.13"
"14","-1.13"
"15","-1.13"
"16","-1.13"
"17","-0.36"
"18","-0.36"
"19","-0.36"
"20","-0.36"
"21","-0.36"
"22","0.42"
"23","0.42"
"24","0.42"
"25","0.42"
"26","0.42"
"27","0.42"
"28","0.42"
"29","0.42"
"30","0.42"
"31","0.42"
"32","-0.31"
"33","-0.31"
"34","-0.31"
"35","-0.31"
"36","-0.31"
"37","-1.05"
"38","-1.05"
"39","-1.05"
"40","-1.05"
"41","-1.05"
"42","-1.01"
"43","-1.01"
"44","-1.01"
"45","-1.01"
"46","-1.01"
"47","-0.73"
"48","-0.73"
"49","-0.73"
"50","-0.73"
"51","-0.73"
"52","-0.64"
"53","-0.64"
"54","-0.64"
"55","-0.64"
"56","-0.64"
"57","-0.69"
"58","-0.69"
"59","-0.69"
"60","-0.69"
"61","-0.69"
"62","-0.67"
"63","-0.67"
"64","-0.67"
"65","-0.67"
"66","-0.67"
"67","-0.48"
"68","-0.48"
"69","-0.48"
"70","-0.48"
"71","-0.48"
"72","-0.56"
"73","-0.56"
"74","-0.56"
"75","-0.56"
"76","-0.56"
"77","-1.02"
"78","-1.02"
"79","-1.02"
"80","-1.02"
"81","-1.02"
"82","-1.29"
"83","-1.29"
"84","-1.29"
"85","-1.29"
"86","-1.29"
"87","-1.58"
"88","-1.58"
"89","-1.58"
"90","-1.58"
"91","-1.58"
"92","-1.05"
"93","-1.05"
"94","-1.05"
"95","-1.05"
"96","-1.05"
"97","-1.13"
"98","-1.13"
"99","-1.13"
"100","-1.13"
"101","-1.13"
"102","-1.45"
"103","-1.45"
"104","-1.45"
"105","-1.45"
"106","-1.45"
"107","-1.54"
"108","-1.54"
"109","-1.54"
"110","-1.54"
"111","-1.54"
"112","-1.39"
"113","-1.39"
"114","-1.39"
"115","-1.39"
"116","-1.39"
"117","-1.18"
"118","-1.18"
"119","-1.18"
"120","-1.18"
"121","-1.18"
"122","-1.24"
"123","-1.24"
"124","-1.24"
"125","-1.24"
"126","-1.24"
"127","-1.63"
"128","-1.63"
"129","-1.63"
"130","-1.63"
"131","-1.63"
"132","-1.41"
"133","-1.41"
"134","-1.41"
"135","-1.41"
"136","-1.41"
"137","-1.48"
"138","-1.48"
"139","-1.48"
"140","-1.48"
"141","-1.48"
"142","-0.97"
"143","-0.97"
"144","-0.97"
"145","-0.97"
"146","-0.97"
"147","-1.25"
"148","-1.25"
"149","-1.25"
"150","-1.25"
"151","-1.25"
"152","-1.25"
"153","-0.84"
"154","-0.84"
"155","-0.84"
"156","-0.84"
"157","-0.84"
"158","-0.55"
"159","-0.55"
"160","-0.55"
"161","-0.55"
"162","-0.55"
"163","-0.73"
"164","-0.73"
"165","-0.73"
"166","-0.73"
"167","-0.73"
"168","-1.71"
"169","-1.71"
"170","-1.71"
"171","-1.71"
"172","-1.71"
"173","-1.26"
"174","-1.26"
"175","-1.26"
"176","-1.26"
"177","-1.26"
"178","-0.73"
"179","-0.73"
"180","-0.73"
"181","-0.73"
"182","-0.73"
"183","-1.16"
"184","-1.16"
"185","-1.16"
"186","-1.16"
"187","-1.16"
"188","-1.33"
"189","-1.33"
"190","-1.33"
"191","-1.33"
"192","-1.33"
"193","-0.10"
"194","-0.10"
"195","-0.10"
"196","-0.10"
"197","-0.10"
"198","-0.12"
"199","-0.12"
"200","-0.12"
"201","-0.12"
"202","-0.12"
"203","-0.31"
"204","-0.31"
"205","-0.31"
"206","-0.31"
"207","-0.31"
"208","-0.32"
"209","-0.32"
"210","-0.32"
"211","-0.32"
"212","-0.32"
"213","-0.06"
"214","-0.06"
"215","-0.06"
"216","-0.06"
"217","-0.06"
"218","-0.07"
"219","-0.07"
"220","-0.07"
"221","-0.07"
"222","-0.07"
"223","-0.52"
"224","-0.52"
"225","-0.52"
"226","-0.52"
"227","-0.52"
"228","-0.37"
"229","-0.37"
"230","-0.37"
"231","-0.37"
"232","-0.37"
"233","-0.14"
"234","-0.14"
"235","-0.14"
"236","-0.14"
"237","-0.14"
"238","-0.77"
"239","-0.77"
"240","-0.77"
"241","-0.77"
"242","-1.04"
"243","-1.04"
"244","-1.04"
"245","-1.04"
"246","-1.04"
"247","-0.70"
"248","-0.70"
"249","-0.70"
"250","-0.70"
"251","-0.70"
"252","-0.06"
"253","-0.06"
"254","-0.06"
"255","-0.06"
"256","-0.06"
"257","-0.37"
"258","-0.37"
"259","-0.37"
"260","-0.37"
"261","-0.37"
"262","-0.48"
"263","-0.48"
"264","-0.48"
"265","-0.48"
"266","-0.58"
"267","-0.58"
"268","-0.58"
"269","-0.58"
"270","-0.58"
"271","-0.79"
"272","-0.79"
"273","-0.79"
"274","-0.79"
"275","-0.79"
"276","-0.20"
"277","-0.20"
"278","-0.20"
"279","-0.20"
"280","-0.20"
"281","-0.15"
"282","-0.15"
"283","-0.15"
"284","-0.15"
"285","-0.15"
"286","0.03"
"287","0.03"
"288","0.03"
"289","0.03"
"290","0.03"
"291","-0.21"
"292","-0.21"
"293","-0.21"
"294","-0.21"
"295","-0.21"
"296","-0.30"
"297","-0.30"
"298","-0.30"
"299","-0.30"
"300","0.10"
"301","0.10"
"302","0.10"
"303","0.10"
"304","0.10"
"305","-0.12"
"306","-0.12"
"307","-0.12"
"308","-0.12"
"309","-0.12"
"310","-0.46"
"311","-0.46"
"312","-0.46"
"313","-0.46"
"314","-0.45"
"315","-0.45"
"316","-0.45"
"317","-0.45"
"318","-0.45"
"319","-0.81"
"320","-0.81"
"321","-0.81"
"322","-0.81"
"323","-0.81"
"324","-0.99"
"325","-0.99"
"326","-0.99"
"327","-0.99"
"328","-0.99"
"329","-0.44"
"330","-0.44"
"331","-0.44"
"332","-0.44"
"333","-0.44"
"334","-0.07"
"335","-0.07"
"336","-0.07"
"337","-0.07"
"338","-0.07"
"339","-0.08"
"340","-0.08"
"341","-0.08"
"342","-0.08"
"343","-0.08"
"344","-0.27"
"345","-0.27"
"346","-0.27"
"347","-0.27"
"348","-0.44"
"349","-0.44"
"350","-0.44"
"351","-0.44"
"352","-0.44"
"353","-0.36"
"354","-0.36"
"355","-0.36"
"356","-0.36"
"357","-0.36"
"358","-0.87"
"359","-0.87"
"360","-0.87"
"361","-0.87"
"362","-0.87"
"363","-1.01"
"364","-1.01"
"365","-1.01"
"366","-1.01"
"367","-1.01"
"368","-1.21"
"369","-1.21"
"370","-1.21"
"371","-1.21"
"372","-1.21"
"373","-0.50"
"374","-0.50"
"375","-0.50"
"376","-0.50"
"377","-0.50"
"378","0.17"
"379","0.17"
"380","0.17"
"381","0.17"
"382","0.17"
"383","0.26"
"384","0.26"
"385","0.26"
"386","0.26"
"387","0.26"
"388","0.74"
"389","0.74"
"390","0.74"
"391","0.74"
"392","0.74"
"393","1.45"
"394","1.45"
"395","1.45"
"396","1.45"
"397","1.45"
"398","1.50"
"399","1.50"
"400","1.50"
"401","1.50"
"402","1.50"
"403","1.66"
"404","1.66"
"405","1.66"
"406","1.66"
"407","1.66"
"408","1.70"
"409","1.70"
"410","1.70"
"411","1.70"
"412","1.70"
"413","1.86"
"414","1.86"
"415","1.86"
"416","1.86"
"417","1.86"
"418","1.17"
"419","1.17"
"420","1.17"
"421","1.17"
"422","1.17"
"423","1.12"
"424","1.12"
"425","1.12"
"426","1.12"
"427","1.12"
"428","1.23"
"429","1.23"
"430","1.23"
"431","1.23"
"432","1.23"
"433","0.81"
"434","0.81"
"435","0.81"
"436","0.81"
"437","0.81"
"438","0.60"
"439","0.60"
"440","0.60"
"441","0.60"
"442","0.60"
"443","0.89"
"444","0.89"
"445","0.89"
"446","0.89"
"447","0.89"
"448","0.80"
"449","0.80"
"450","0.80"
"451","0.80"
"452","0.80"
"453","0.65"
"454","0.65"
"455","0.65"
"456","0.65"
"457","0.65"
"458","0.16"
"459","0.16"
"460","0.16"
"461","0.16"
"462","0.16"
"463","0.25"
"464","0.25"
"465","0.25"
"466","0.25"
"467","0.25"
"468","0.87"
"469","0.87"
"470","0.87"
"471","0.87"
"472","0.87"
"473","1.28"
"474","1.28"
"475","1.28"
"476","1.28"
"477","1.28"
"478","1.58"
"479","1.58"
"480","1.58"
"481","1.58"
"482","1.58"
"483","1.82"
"484","1.82"
"485","1.82"
"486","1.82"
"487","1.82"
"488","-0.04"
"489","-0.04"
"490","-0.04"
"491","-0.04"
"492","-0.04"
"493","0.70"
"494","0.70"
"495","0.70"
"496","0.70"
"497","0.70"
"498","0.95"
"499","0.95"
"500","0.95"
"501","0.95"
"502","0.95"
"503","0.95"
"504","0.35"
"505","0.35"
"506","0.35"
"507","0.35"
"508","0.35"
"509","0.35"
"510","0.48"
"511","0.48"
"512","0.48"
"513","0.48"
"514","0.48"
"515","0.48"
"516","0.98"
"517","0.98"
"518","0.98"
"519","0.98"
"520","0.98"
"521","0.98"
"522","2.26"
"523","2.26"
"524","2.26"
"525","2.26"
"526","2.26"
"527","2.26"
"528","1.57"
"529","1.57"
"530","1.57"
"531","1.57"
"532","1.57"
"533","0.73"
"534","0.73"
"535","0.73"
"536","0.73"
"537","0.73"
"538","0.73"
"539","0.37"
"540","0.37"
"541","0.37"
"542","0.37"
"543","0.37"
"544","0.37"
"545","0.11"
"546","0.11"
"547","0.11"
"548","0.11"
"549","0.11"
"550","0.11"
"551","0.20"
"552","0.20"
"553","0.20"
"554","0.20"
"555","0.20"
"556","0.20"
"557","-0.12"
"558","-0.12"
"559","-0.12"
"560","-0.12"
"561","-0.12"
"562","-0.23"
"563","-0.23"
"564","-0.23"
"565","-0.23"
"566","-0.23"
"567","0.20"
"568","0.20"
"569","0.20"
"570","0.20"
"571","0.20"
"572","0.20"
"573","0.77"
"574","0.77"
"575","0.77"
"576","0.77"
"577","0.77"
"578","0.77"
"579","1.10"
"580","1.10"
"581","1.10"
"582","1.10"
"583","1.10"
"584","0.94"
"585","0.94"
"586","0.94"
"587","0.94"
"588","0.94"
"589","0.78"
"590","0.78"
"591","0.78"
"592","0.78"
"593","0.78"
"594","0.33"
"595","0.33"
"596","0.33"
"597","0.33"
"598","0.33"
"599","0.04"
"600","0.04"
"601","0.04"
"602","0.04"
"603","0.04"
"604","-0.35"
"605","-0.35"
"606","-0.35"
"607","-0.35"
"608","-0.35"
"609","-0.55"
"610","-0.55"
"611","-0.55"
"612","-0.55"
"613","-0.55"
"614","-0.08"
"615","-0.08"
"616","-0.08"
"617","-0.08"
"618","-0.08"
"619","0.07"
"620","0.07"
"621","0.07"
"622","0.07"
"623","0.07"
"624","-0.02"
"625","-0.02"
"626","-0.02"
"627","-0.02"
"628","-0.02"
"629","0.12"
"630","0.12"
"631","0.12"
"632","0.12"
"633","0.12"
"634","-0.04"
"635","-0.04"
"636","-0.04"
"637","-0.04"
"638","-0.04"
"639","-0.16"
"640","-0.16"
"641","-0.16"
"642","-0.16"
"643","-0.16"
"644","0.14"
"645","0.14"
"646","0.14"
"647","0.14"
"648","0.14"
"649","0.24"
"650","0.24"
"651","0.24"
"652","0.24"
"653","0.24"
"654","0.30"
"655","0.30"
"656","0.30"
"657","0.30"
"658","0.30"
"659","0.26"
"660","0.26"
"661","0.26"
"662","0.26"
"663","0.26"
"664","0.01"
"665","0.01"
"666","0.01"
"667","0.01"
"668","0.01"
"669","-0.24"
"670","-0.24"
"671","-0.24"
"672","-0.24"
"673","-0.24"
"674","-0.27"
"675","-0.27"
"676","-0.27"
"677","-0.27"
"678","-0.27"
"679","-0.41"
"680","-0.41"
"681","-0.41"
"682","-0.41"
"683","-0.41"
"684","-0.46"
"685","-0.46"
"686","-0.46"
"687","-0.46"
"688","-0.46"
"689","-0.14"
"690","-0.14"
"691","-0.14"
"692","-0.14"
"693","-0.14"
"694","-0.10"
"695","-0.10"
"696","-0.10"
"697","-0.10"
"698","-0.10"
"699","-0.02"
"700","-0.02"
"701","-0.02"
"702","-0.02"
"703","-0.02"
"704","0.24"
"705","0.24"
"706","0.24"
"707","0.24"
"708","0.24"
"709","0.28"
"710","0.28"
"711","0.28"
"712","0.28"
"713","0.28"
"714","0.15"
"715","0.15"
"716","0.15"
"717","0.15"
"718","0.15"
"719","0.28"
"720","0.28"
"721","0.28"
"722","0.28"
"723","0.28"
"724","0.40"
"725","0.40"
"726","0.40"
"727","0.40"
"728","0.40"
"729","0.23"
"730","0.23"
"731","0.23"
"732","0.23"
"733","0.23"
"734","0.17"
"735","0.17"
"736","0.17"
"737","0.17"
"738","0.17"
"739","0.22"
"740","0.22"
"741","0.22"
"742","0.22"
"743","0.22"
"744","0.28"
"745","0.28"
"746","0.28"
"747","0.28"
"748","0.28"
"749","0.11"
"750","0.11"
"751","0.11"
"752","0.11"
"753","0.11"
"754","0.17"
"755","0.17"
"756","0.17"
"757","0.17"
"758","0.17"
"759","0.41"
"760","0.41"
"761","0.41"
"762","0.41"
"763","0.41"
"764","0.60"
"765","0.60"
"766","0.60"
"767","0.60"
"768","0.60"
"769","0.54"
"770","0.54"
"771","0.54"
"772","0.54"
"773","0.54"
"774","0.67"
"775","0.67"
"776","0.67"
"777","0.67"
"778","0.67"
"779","0.53"
"780","0.53"
"781","0.53"
"782","0.53"
"783","0.53"
"784","0.42"
"785","0.42"
"786","0.42"
"787","0.42"
"788","0.42"
"789","0.41"
"790","0.41"
"791","0.41"
"792","0.41"
"793","0.41"
"794","0.52"
"795","0.52"
"796","0.52"
"797","0.52"
"798","0.52"
"799","0.39"
"800","0.39"
"801","0.39"
"802","0.39"
"803","0.39"
"804","0.43"
"805","0.43"
"806","0.43"
"807","0.43"
"808","0.43"
"809","0.72"
"810","0.72"
"811","0.72"
"812","0.72"
"813","0.72"
"814","0.41"
"815","0.41"
"816","0.41"
"817","0.41"
"818","0.41"
"819","0.34"
"820","0.34"
"821","0.34"
"822","0.34"
"823","0.34"
"824","0.53"
"825","0.53"
"826","0.53"
"827","0.53"
"828","0.53"
"829","0.31"
"830","0.31"
"831","0.31"
"832","0.31"
"833","0.31"
"834","0.22"
"835","0.22"
"836","0.22"
"837","0.22"
"838","0.22"
"839","0.40"
"840","0.40"
"841","0.40"
"842","0.40"
"843","0.40"
"844","0.35"
"845","0.35"
"846","0.35"
"847","0.35"
"848","0.35"
"849","0.07"
"850","0.07"
"851","0.07"
"852","0.07"
"853","0.07"
"854","-0.11"
"855","-0.11"
"856","-0.11"
"857","-0.11"
"858","-0.11"
"859","-0.53"
"860","-0.53"
"861","-0.53"
"862","-0.53"
"863","-0.53"
"864","-1.46"
"865","-1.46"
"866","-1.46"
"867","-1.46"
"868","-1.46"
"869","-2.50"
"870","-2.50"
"871","-2.50"
"872","-2.50"
"873","-2.50"
"874","-2.06"
"875","-2.06"
"876","-2.06"
"877","-2.06"
"878","-2.06"
"879","-1.61"
"880","-1.61"
"881","-1.61"
"882","-1.61"
"883","-1.61"
"884","-1.64"
"885","-1.64"
"886","-1.64"
"887","-1.64"
"888","-1.64"
"889","-1.31"
"890","-1.31"
"891","-1.31"
"892","-1.31"
"893","-1.31"
"894","-1.46"
"895","-1.46"
"896","-1.46"
"897","-1.46"
"898","-1.46"
"899","-1.87"
"900","-1.87"
"901","-1.87"
"902","-1.87"
"903","-1.87"
"904","-1.89"
"905","-1.89"
"906","-1.89"
"907","-1.89"
"908","-1.89"
"909","-1.10"
"910","-1.10"
"911","-1.10"
"912","-1.10"
"913","-1.10"
"914","-1.66"
"915","-1.66"
"916","-1.66"
"917","-1.66"
"918","-1.66"
"919","-1.21"
"920","-1.21"
"921","-1.21"
"922","-1.21"
"923","-1.21"
"924","-0.74"
"925","-0.74"
"926","-0.74"
"927","-0.74"
"928","-0.74"
"929","-1.37"
"930","-1.37"
"931","-1.37"
"932","-1.37"
"933","-1.37"
"934","-0.42"
"935","-0.42"
"936","-0.42"
"937","-0.42"
"938","-0.42"
"939","-0.78"
"940","-0.78"
"941","-0.78"
"942","-0.78"
"943","-0.78"
"944","-0.80"
"945","-0.80"
"946","-0.80"
"947","-0.80"
"948","-0.80"
"949","-0.64"
"950","-0.64"
"951","-0.64"
"952","-0.64"
"953","-0.64"
"954","-0.53"
"955","-0.53"
"956","-0.53"
"957","-0.53"
"958","-0.53"
"959","-0.40"
"960","-0.40"
"961","-0.40"
"962","-0.40"
"963","-0.40"
"964","-0.67"
"965","-0.67"
"966","-0.67"
"967","-0.67"
"968","-0.67"
"969","-0.32"
"970","-0.32"
"971","-0.32"
"972","-0.32"
"973","-0.32"
"974","0.18"
"975","0.18"
"976","0.18"
"977","0.18"
"978","0.18"
"979","-0.25"
"980","-0.25"
"981","-0.25"
"982","-0.25"
"983","-0.25"
"984","-0.41"
"985","-0.41"
"986","-0.41"
"987","-0.41"
"988","-0.41"
"989","-0.22"
"990","-0.22"
"991","-0.22"
"992","-0.22"
"993","-0.22"
"994","0.30"
"995","0.30"
"996","0.30"
"997","0.30"
"998","0.30"
"999","0.26"
"1000","0.26"
"1001","0.26"
"1002","0.26"
"1003","0.26"
"1004","-0.08"
"1005","-0.08"
"1006","-0.08"
"1007","-0.08"
"1008","-0.08"
"1009","0.61"
"1010","0.61"
"1011","0.61"
"1012","0.61"
"1013","0.61"
"1014","0.26"
"1015","0.26"
"1016","0.26"
"1017","0.26"
"1018","0.26"
"1019","-0.21"
"1020","-0.21"
"1021","-0.21"
"1022","-0.21"
"1023","-0.21"
"1024","0.24"
"1025","0.24"
"1026","0.24"
"1027","0.24"
"1028","0.24"
"1029","0.37"
"1030","0.37"
"1031","0.37"
"1032","0.37"
"1033","0.37"
"1034","0.06"
"1035","0.06"
"1036","0.06"
"1037","0.06"
"1038","0.06"
"1039","-0.01"
"1040","-0.01"
"1041","-0.01"
"1042","-0.01"
"1043","-0.01"
"1044","-0.61"
"1045","-0.61"
"1046","-0.61"
"1047","-0.61"
"1048","-0.61"
"1049","-0.10"
"1050","-0.10"
"1051","-0.10"
"1052","-0.10"
"1053","-0.10"
"1054","0.42"
"1055","0.42"
"1056","0.42"
"1057","0.42"
"1058","0.42"
"1059","0.39"
"1060","0.39"
"1061","0.39"
"1062","0.39"
"1063","0.39"
"1064","0.02"
"1065","0.02"
"1066","0.02"
"1067","0.02"
"1068","0.02"
"1069","0.01"
"1070","0.01"
"1071","0.01"
"1072","0.01"
"1073","0.01"
"1074","-0.20"
"1075","-0.20"
"1076","-0.20"
"1077","-0.20"
"1078","-0.20"
"1079","-0.57"
"1080","-0.57"
"1081","-0.57"
"1082","-0.57"
"1083","-0.57"
"1084","-0.38"
"1085","-0.38"
"1086","-0.38"
"1087","-0.38"
"1088","-0.38"
"1089","0.36"
"1090","0.36"
"1091","0.36"
"1092","0.36"
"1093","0.36"
"1094","0.10"
"1095","0.10"
"1096","0.10"
"1097","0.10"
"1098","0.10"
"1099","-0.40"
"1100","-0.40"
"1101","-0.40"
"1102","-0.40"
"1103","-0.40"
"1104","0.06"
"1105","0.06"
"1106","0.06"
"1107","0.06"
"1108","0.06"
"1109","-0.23"
"1110","-0.23"
"1111","-0.23"
"1112","-0.23"
"1113","-0.23"
"1114","-0.39"
"1115","-0.39"
"1116","-0.39"
"1117","-0.39"
"1118","-0.39"
"1119","-0.41"
"1120","-0.41"
"1121","-0.41"
"1122","-0.41"
"1123","-0.41"
"1124","-0.17"
"1125","-0.17"
"1126","-0.17"
"1127","-0.17"
"1128","-0.30"
"1129","-0.30"
"1130","-0.30"
"1131","-0.30"
"1132","-0.30"
"1133","-0.53"
"1134","-0.53"
"1135","-0.53"
"1136","-0.53"
"1137","-0.53"
"1138","-1.02"
"1139","-1.02"
"1140","-1.02"
"1141","-1.02"
"1142","-1.02"
"1143","-0.97"
"1144","-0.97"
"1145","-0.97"
"1146","-0.97"
"1147","-0.97"
"1148","-0.53"
"1149","-0.53"
"1150","-0.53"
"1151","-0.53"
"1152","-0.60"
"1153","-0.60"
"1154","-0.60"
"1155","-0.60"
"1156","-0.60"
"1157","-0.52"
"1158","-0.52"
"1159","-0.52"
"1160","-0.52"
"1161","-0.52"
"1162","-0.14"
"1163","-0.14"
"1164","-0.14"
"1165","-0.14"
"1166","-0.14"
"1167","0.25"
"1168","0.25"
"1169","0.25"
"1170","0.25"
"1171","0.25"
"1172","0.83"
"1173","0.83"
"1174","0.83"
"1175","0.83"
"1176","0.83"
"1177","0.87"
"1178","0.87"
"1179","0.87"
"1180","0.87"
"1181","0.87"
"1182","0.97"
"1183","0.97"
"1184","0.97"
"1185","0.97"
"1186","0.97"
"1187","1.01"
"1188","1.01"
"1189","1.01"
"1190","1.01"
"1191","1.01"
"1192","1.13"
"1193","1.13"
"1194","1.13"
"1195","1.13"
"1196","1.13"
"1197","1.21"
"1198","1.21"
"1199","1.21"
"1200","1.21"
"1201","1.21"
"1202","1.69"
"1203","1.69"
"1204","1.69"
"1205","1.69"
"1206","1.69"
"1207","1.63"
"1208","1.63"
"1209","1.63"
"1210","1.63"
"1211","1.63"
"1212","1.88"
"1213","1.88"
"1214","1.88"
"1215","1.88"
"1216","1.88"
"1217","1.76"
"1218","1.76"
"1219","1.76"
"1220","1.76"
"1221","1.76"
"1222","1.76"
"1223","1.85"
"1224","1.85"
"1225","1.85"
"1226","1.85"
"1227","1.85"
"1228","1.85"
"1229","1.17"
"1230","1.17"
"1231","1.17"
"1232","1.17"
"1233","1.17"
"1234","1.61"
"1235","1.61"
"1236","1.61"
"1237","1.61"
"1238","1.61"
"1239","1.16"
"1240","1.16"
"1241","1.16"
"1242","1.16"
"1243","1.16"
"1244","1.07"
"1245","1.07"
"1246","1.07"
"1247","1.07"
"1248","1.07"
"1249","1.43"
"1250","1.43"
"1251","1.43"
"1252","1.43"
"1253","1.43"
"1254","1.43"
"1255","1.03"
"1256","1.03"
"1257","1.03"
"1258","1.03"
"1259","1.03"
"1260","0.65"
"1261","0.65"
"1262","0.65"
"1263","0.65"
"1264","0.65"
"1265","0.47"
"1266","0.47"
"1267","0.47"
"1268","0.47"
"1269","0.47"
"1270","0.40"
"1271","0.40"
"1272","0.40"
"1273","0.40"
"1274","0.40"
"1275","0.07"
"1276","0.07"
"1277","0.07"
"1278","0.07"
"1279","0.07"
"1280","-0.14"
"1281","-0.14"
"1282","-0.14"
"1283","-0.14"
"1284","-0.14"
"1285","-0.14"
"1286","-0.14"
"1287","-0.14"
"1288","-0.14"
"1289","-0.14"
"1290","-0.39"
"1291","-0.39"
"1292","-0.39"
"1293","-0.39"
"1294","-0.39"
"1295","-0.80"
"1296","-0.80"
"1297","-0.80"
"1298","-0.80"
"1299","-0.80"
"1300","-0.68"
"1301","-0.68"
"1302","-0.68"
"1303","-0.68"
"1304","-0.68"
"1305","-0.57"
"1306","-0.57"
"1307","-0.57"
"1308","-0.57"
"1309","-0.57"
"1310","-1.04"
"1311","-1.04"
"1312","-1.04"
"1313","-1.04"
"1314","-1.04"
"1315","-1.12"
"1316","-1.12"
"1317","-1.12"
"1318","-1.12"
"1319","-1.12"
"1320","-0.73"
"1321","-0.73"
"1322","-0.73"
"1323","-0.73"
"1324","-0.73"
"1325","-0.77"
"1326","-0.77"
"1327","-0.77"
"1328","-0.77"
"1329","-0.77"
"1330","-0.84"
"1331","-0.84"
"1332","-0.84"
"1333","-0.84"
"1334","-0.84"
"1335","-0.44"
"1336","-0.44"
"1337","-0.44"
"1338","-0.44"
"1339","-0.44"
"1340","-0.25"
"1341","-0.25"
"1342","-0.25"
"1343","-0.25"
"1344","-0.25"
"1345","-0.55"
"1346","-0.55"
"1347","-0.55"
"1348","-0.55"
"1349","-0.55"
"1350","-0.62"
"1351","-0.62"
"1352","-0.62"
"1353","-0.62"
"1354","-0.62"
"1355","-0.15"
"1356","-0.15"
"1357","-0.15"
"1358","-0.15"
"1359","-0.15"
"1360","0.10"
"1361","0.10"
"1362","0.10"
"1363","0.10"
"1364","0.10"
"1365","0.10"
"1366","-0.68"
"1367","-0.68"
"1368","-0.68"
"1369","-0.68"
"1370","-0.68"
"1371","-0.45"
"1372","-0.45"
"1373","-0.45"
"1374","-0.45"
"1375","-0.45"
"1376","-0.45"
"1377","-0.32"
"1378","-0.32"
"1379","-0.32"
"1380","-0.32"
"1381","-0.32"
"1382","-0.62"
"1383","-0.62"
"1384","-0.62"
"1385","-0.62"
"1386","-0.62"
"1387","-0.25"
"1388","-0.25"
"1389","-0.25"
"1390","-0.25"
"1391","-0.25"
"1392","-0.02"
"1393","-0.02"
"1394","-0.02"
"1395","-0.02"
"1396","-0.02"
"1397","-0.54"
"1398","-0.54"
"1399","-0.54"
"1400","-0.54"
"1401","-0.54"
"1402","-0.19"
"1403","-0.19"
"1404","-0.19"
"1405","-0.19"
"1406","-0.19"
"1407","0.01"
"1408","0.01"
"1409","0.01"
"1410","0.01"
"1411","0.01"
"1412","-0.24"
"1413","-0.24"
"1414","-0.24"
"1415","-0.24"
"1416","-0.24"
"1417","-0.88"
"1418","-0.88"
"1419","-0.88"
"1420","-0.88"
"1421","-0.88"
"1422","0.23"
"1423","0.23"
"1424","0.23"
"1425","0.23"
"1426","0.23"
"1427","-0.40"
"1428","-0.40"
"1429","-0.40"
"1430","-0.40"
"1431","-0.40"
"1432","-0.10"
"1433","-0.10"
"1434","-0.10"
"1435","-0.10"
"1436","-0.10"
"1437","0.09"
"1438","0.09"
"1439","0.09"
"1440","0.09"
"1441","0.09"
"1442","0.17"
"1443","0.17"
"1444","0.17"
"1445","0.17"
"1446","0.17"
"1447","-0.03"
"1448","-0.03"
"1449","-0.03"
"1450","-0.03"
"1451","-0.03"
"1452","0.11"
"1453","0.11"
"1454","0.11"
"1455","0.11"
"1456","0.11"
"1457","0.25"
"1458","0.25"
"1459","0.25"
"1460","0.25"
"1461","0.25"
"1462","-0.70"
"1463","-0.70"
"1464","-0.70"
"1465","-0.70"
"1466","-0.70"
"1467","0.29"
"1468","0.29"
"1469","0.29"
"1470","0.29"
"1471","0.29"
"1472","-0.47"
"1473","-0.47"
"1474","-0.47"
"1475","-0.47"
"1476","-0.47"
"1477","0.01"
"1478","0.01"
"1479","0.01"
"1480","0.01"
"1481","0.01"
"1482","0.35"
"1483","0.35"
"1484","0.35"
"1485","0.35"
"1486","0.35"
"1487","0.40"
"1488","0.40"
"1489","0.40"
"1490","0.40"
"1491","0.40"
"1492","-0.05"
"1493","-0.05"
"1494","-0.05"
"1495","-0.05"
"1496","-0.05"
"1497","0.88"
"1498","0.88"
"1499","0.88"
"1500","0.88"
"1501","0.88"
"1502","0.42"
"1503","0.42"
"1504","0.42"
"1505","0.42"
"1506","0.42"
"1507","0.25"
"1508","0.25"
"1509","0.25"
"1510","0.25"
"1511","0.25"
"1512","0.25"
"1513","0.46"
"1514","0.46"
"1515","0.46"
"1516","0.46"
"1517","0.46"
"1518","0.46"
"1519","-0.01"
"1520","-0.01"
"1521","-0.01"
"1522","-0.01"
"1523","-0.01"
"1524","0.23"
"1525","0.23"
"1526","0.23"
"1527","0.23"
"1528","0.23"
"1529","0.75"
"1530","0.75"
"1531","0.75"
"1532","0.75"
"1533","0.75"
"1534","0.75"
"1535","1.00"
"1536","1.00"
"1537","1.00"
"1538","1.00"
"1539","1.00"
"1540","1.00"
"1541","0.36"
"1542","0.36"
"1543","0.36"
"1544","0.36"
"1545","0.36"
"1546","0.60"
"1547","0.60"
"1548","0.60"
"1549","0.60"
"1550","0.60"
"1551","0.60"
"1552","1.20"
"1553","1.20"
"1554","1.20"
"1555","1.20"
"1556","1.20"
"1557","1.20"
"1558","0.91"
"1559","0.91"
"1560","0.91"
"1561","0.91"
"1562","0.91"
"1563","0.21"
"1564","0.21"
"1565","0.21"
"1566","0.21"
"1567","0.21"
"1568","0.67"
"1569","0.67"
"1570","0.67"
"1571","0.67"
"1572","0.67"
"1573","0.66"
"1574","0.66"
"1575","0.66"
"1576","0.66"
"1577","0.66"
"1578","0.50"
"1579","0.50"
"1580","0.50"
"1581","0.50"
"1582","0.50"
"1583","0.79"
"1584","0.79"
"1585","0.79"
"1586","0.79"
"1587","0.79"
"1588","0.79"
"1589","0.52"
"1590","0.52"
"1591","0.52"
"1592","0.52"
"1593","0.52"
"1594","0.52"
"1595","0.58"
"1596","0.58"
"1597","0.58"
"1598","0.58"
"1599","0.58"
"1600","0.16"
"1601","0.16"
"1602","0.16"
"1603","0.16"
"1604","0.16"
"1605","0.57"
"1606","0.57"
"1607","0.57"
"1608","0.57"
"1609","0.57"
"1610","0.65"
"1611","0.65"
"1612","0.65"
"1613","0.65"
"1614","0.65"
"1615","0.39"
"1616","0.39"
"1617","0.39"
"1618","0.39"
"1619","0.39"
"1620","0.05"
"1621","0.05"
"1622","0.05"
"1623","0.05"
"1624","0.05"
"1625","-0.48"
"1626","-0.48"
"1627","-0.48"
"1628","-0.48"
"1629","-0.48"
"1630","-1.06"
"1631","-1.06"
"1632","-1.06"
"1633","-1.06"
"1634","-1.06"
"1635","-1.10"
"1636","-1.10"
"1637","-1.10"
"1638","-1.10"
"1639","-1.10"
"1640","-1.11"
"1641","-1.11"
"1642","-1.11"
"1643","-1.11"
"1644","-1.11"
"1645","-1.03"
"1646","-1.03"
"1647","-1.03"
"1648","-1.03"
"1649","-1.03"
"1650","-1.20"
"1651","-1.20"
"1652","-1.20"
"1653","-1.20"
"1654","-1.20"
"1655","-1.32"
"1656","-1.32"
"1657","-1.32"
"1658","-1.32"
"1659","-1.32"
"1660","-1.02"
"1661","-1.02"
"1662","-1.02"
"1663","-1.02"
"1664","-1.02"
"1665","-1.32"
"1666","-1.32"
"1667","-1.32"
"1668","-1.32"
"1669","-1.32"
"1670","-1.26"
"1671","-1.26"
"1672","-1.26"
"1673","-1.26"
"1674","-1.26"
"1675","-1.08"
"1676","-1.08"
"1677","-1.08"
"1678","-1.08"
"1679","-1.08"
"1680","-1.37"
"1681","-1.37"
"1682","-1.37"
"1683","-1.37"
"1684","-1.37"
"1685","-0.46"
"1686","-0.46"
"1687","-0.46"
"1688","-0.46"
"1689","-0.46"
"1690","-1.44"
"1691","-1.44"
"1692","-1.44"
"1693","-1.44"
"1694","-1.44"
"1695","-1.67"
"1696","-1.67"
"1697","-1.67"
"1698","-1.67"
"1699","-1.67"
"1700","-1.13"
"1701","-1.13"
"1702","-1.13"
"1703","-1.13"
"1704","-1.13"
"1705","-1.56"
"1706","-1.56"
"1707","-1.56"
"1708","-1.56"
"1709","-1.35"
"1710","-1.35"
"1711","-1.35"
"1712","-1.35"
"1713","-1.35"
"1714","-0.81"
"1715","-0.81"
"1716","-0.81"
"1717","-0.81"
"1718","-0.81"
"1719","-0.53"
"1720","-0.53"
"1721","-0.53"
"1722","-0.53"
"1723","-0.53"
"1724","-0.73"
"1725","-0.73"
"1726","-0.73"
"1727","-0.73"
"1728","-0.73"
"1729","-0.43"
"1730","-0.43"
"1731","-0.43"
"1732","-0.43"
"1733","-0.31"
"1734","-0.31"
"1735","-0.31"
"1736","-0.31"
"1737","-0.31"
"1738","-0.45"
"1739","-0.45"
"1740","-0.45"
"1741","-0.45"
"1742","-0.45"
"1743","-0.25"
"1744","-0.25"
"1745","-0.25"
"1746","-0.25"
"1747","-0.25"
"1748","-0.04"
"1749","-0.04"
"1750","-0.04"
"1751","-0.04"
"1752","-0.04"
"1753","-0.06"
"1754","-0.06"
"1755","-0.06"
"1756","-0.06"
"1757","-0.06"
"1758","0.28"
"1759","0.28"
"1760","0.28"
"1761","0.28"
"1762","0.28"
"1763","0.37"
"1764","0.37"
"1765","0.37"
"1766","0.37"
"1767","0.37"
"1768","0.03"
"1769","0.03"
"1770","0.03"
"1771","0.03"
"1772","0.03"
"1773","0.08"
"1774","0.08"
"1775","0.08"
"1776","0.08"
"1777","0.08"
"1778","0.07"
"1779","0.07"
"1780","0.07"
"1781","0.07"
"1782","0.07"
"1783","-0.07"
"1784","-0.07"
"1785","-0.07"
"1786","-0.07"
"1787","-0.07"
"1788","0.12"
"1789","0.12"
"1790","0.12"
"1791","0.12"
"1792","0.12"
"1793","0.10"
"1794","0.10"
"1795","0.10"
"1796","0.10"
"1797","0.10"
"1798","0.07"
"1799","0.07"
"1800","0.07"
"1801","0.07"
"1802","0.07"
"1803","0.32"
"1804","0.32"
"1805","0.32"
"1806","0.32"
"1807","0.32"
"1808","0.57"
"1809","0.57"
"1810","0.57"
"1811","0.57"
"1812","0.57"
"1813","0.87"
"1814","0.87"
"1815","0.87"
"1816","0.87"
"1817","0.87"
"1818","1.16"
"1819","1.16"
"1820","1.16"
"1821","1.16"
"1822","1.16"
"1823","1.63"
"1824","1.63"
"1825","1.63"
"1826","1.63"
"1827","1.63"
"1828","1.59"
"1829","1.59"
"1830","1.59"
"1831","1.59"
"1832","1.59"
"1833","1.70"
"1834","1.70"
"1835","1.70"
"1836","1.70"
"1837","1.70"
"1838","1.89"
"1839","1.89"
"1840","1.89"
"1841","1.89"
"1842","1.89"
"1843","1.35"
"1844","1.35"
"1845","1.35"
"1846","1.35"
"1847","1.35"
"1848","2.55"
"1849","2.55"
"1850","2.55"
"1851","2.55"
"1852","2.55"
"1853","2.55"
"1854","2.40"
"1855","2.40"
"1856","2.40"
"1857","2.40"
"1858","2.40"
"1859","2.40"
"1860","2.50"
"1861","2.50"
"1862","2.50"
"1863","2.50"
"1864","2.50"
"1865","2.50"
"1866","2.36"
"1867","2.36"
"1868","2.36"
"1869","2.36"
"1870","2.36"
"1871","2.36"
"1872","2.24"
"1873","2.24"
"1874","2.24"
"1875","2.24"
"1876","2.24"
"1877","1.94"
"1878","1.94"
"1879","1.94"
"1880","1.94"
"1881","1.94"
"1882","1.74"
"1883","1.74"
"1884","1.74"
"1885","1.74"
"1886","1.74"
"1887","1.77"
"1888","1.77"
"1889","1.77"
"1890","1.77"
"1891","1.77"
"1892","1.64"
"1893","1.64"
"1894","1.64"
"1895","1.64"
"1896","1.64"
"1897","1.50"
"1898","1.50"
"1899","1.50"
"1900","1.50"
"1901","1.50"
"1902","1.06"
"1903","1.06"
"1904","1.06"
"1905","1.06"
"1906","1.06"
"1907","0.82"
"1908","0.82"
"1909","0.82"
"1910","0.82"
"1911","0.82"
"1912","1.13"
"1913","1.13"
"1914","1.13"
"1915","1.13"
"1916","1.13"
"1917","0.88"
"1918","0.88"
"1919","0.88"
"1920","0.88"
"1921","0.88"
"1922","0.79"
"1923","0.79"
"1924","0.79"
"1925","0.79"
"1926","0.79"
"1927","0.81"
"1928","0.81"
"1929","0.81"
"1930","0.81"
"1931","0.81"
"1932","0.58"
"1933","0.58"
"1934","0.58"
"1935","0.58"
"1936","0.58"
"1937","0.48"
"1938","0.48"
"1939","0.48"
"1940","0.48"
"1941","0.48"
"1942","0.53"
"1943","0.53"
"1944","0.53"
"1945","0.53"
"1946","0.53"
"1947","0.57"
"1948","0.57"
"1949","0.57"
"1950","0.57"
"1951","0.57"
"1952","0.55"
"1953","0.55"
"1954","0.55"
"1955","0.55"
"1956","0.55"
"1957","0.17"
"1958","0.17"
"1959","0.17"
"1960","0.17"
"1961","0.17"
"1962","-0.36"
"1963","-0.36"
"1964","-0.36"
"1965","-0.36"
"1966","-0.36"
"1967","-0.97"
"1968","-0.97"
"1969","-0.97"
"1970","-0.97"
"1971","-0.97"
"1972","-1.42"
"1973","-1.42"
"1974","-1.42"
"1975","-1.42"
"1976","-1.42"
"1977","-1.80"
"1978","-1.80"
"1979","-1.80"
"1980","-1.80"
"1981","-1.80"
"1982","-1.69"
"1983","-1.69"
"1984","-1.69"
"1985","-1.69"
"1986","-1.69"
"1987","-1.96"
"1988","-1.96"
"1989","-1.96"
"1990","-1.96"
"1991","-1.96"
"1992","-2.19"
"1993","-2.19"
"1994","-2.19"
"1995","-2.19"
"1996","-2.19"
"1997","-1.89"
"1998","-1.89"
"1999","-1.89"
"2000","-1.89"
"2001","-1.89"
"2002","-1.94"
"2003","-1.94"
"2004","-1.94"
"2005","-1.94"
"2006","-1.94"
"2007","-2.08"
"2008","-2.08"
"2009","-2.08"
"2010","-2.08"
"2011","-2.08"
"2012","-1.81"
"2013","-1.81"
"2014","-1.81"
"2015","-1.81"
"2016","-1.81"
"2017","-1.73"
"2018","-1.73"
"2019","-1.73"
"2020","-1.73"
"2021","-1.73"
"2022","-2.19"
"2023","-2.19"
"2024","-2.19"
"2025","-2.19"
"2026","-2.19"
"2027","-2.21"
"2028","-2.21"
"2029","-2.21"
"2030","-2.21"
"2031","-2.21"
"2032","-2.32"
"2033","-2.32"
"2034","-2.32"
"2035","-2.32"
"2036","-2.32"
"2037","-1.81"
"2038","-1.81"
"2039","-1.81"
"2040","-1.81"
"2041","-1.81"
"2042","-2.35"
"2043","-2.35"
"2044","-2.35"
"2045","-2.35"
"2046","-2.35"
"2047","-2.17"
"2048","-2.17"
"2049","-2.17"
"2050","-2.17"
"2051","-2.17"
"2052","-1.94"
"2053","-1.94"
"2054","-1.94"
"2055","-1.94"
"2056","-1.94"
"2057","-2.36"
"2058","-2.36"
"2059","-2.36"
"2060","-2.36"
"2061","-2.36"
"2062","-1.66"
"2063","-1.66"
"2064","-1.66"
"2065","-1.66"
"2066","-1.66"
"2067","-1.58"
"2068","-1.58"
"2069","-1.58"
"2070","-1.58"
"2071","-1.58"
"2072","-2.08"
"2073","-2.08"
"2074","-2.08"
"2075","-2.08"
"2076","-2.08"
"2077","-1.28"
"2078","-1.28"
"2079","-1.28"
"2080","-1.28"
"2081","-1.28"
"2082","-1.19"
"2083","-1.19"
"2084","-1.19"
"2085","-1.19"
"2086","-1.19"
"2087","-1.25"
"2088","-1.25"
"2089","-1.25"
"2090","-1.25"
"2091","-1.25"
"2092","-0.82"
"2093","-0.82"
"2094","-0.82"
"2095","-0.82"
"2096","-0.62"
"2097","-0.62"
"2098","-0.62"
"2099","-0.62"
"2100","-0.62"
"2101","-0.60"
"2102","-0.60"
"2103","-0.60"
"2104","-0.60"
"2105","-0.60"
"2106","-0.48"
"2107","-0.48"
"2108","-0.48"
"2109","-0.48"
"2110","-0.48"
"2111","-0.50"
"2112","-0.50"
"2113","-0.50"
"2114","-0.50"
"2115","-0.50"
"2116","-1.01"
"2117","-1.01"
"2118","-1.01"
"2119","-1.01"
"2120","-0.87"
"2121","-0.87"
"2122","-0.87"
"2123","-0.87"
"2124","-0.87"
"2125","-0.01"
"2126","-0.01"
"2127","-0.01"
"2128","-0.01"
"2129","-0.01"
"2130","-0.06"
"2131","-0.06"
"2132","-0.06"
"2133","-0.06"
"2134","-0.06"
"2135","0.16"
"2136","0.16"
"2137","0.16"
"2138","0.16"
"2139","0.16"
"2140","0.03"
"2141","0.03"
"2142","0.03"
"2143","0.03"
"2144","0.03"
"2145","-0.13"
"2146","-0.13"
"2147","-0.13"
"2148","-0.13"
"2149","-0.13"
"2150","0.49"
"2151","0.49"
"2152","0.49"
"2153","0.49"
"2154","0.49"
"2155","0.59"
"2156","0.59"
"2157","0.59"
"2158","0.59"
"2159","0.59"
"2160","0.67"
"2161","0.67"
"2162","0.67"
"2163","0.67"
"2164","0.67"
"2165","0.98"
"2166","0.98"
"2167","0.98"
"2168","0.98"
"2169","0.98"
"2170","1.43"
"2171","1.43"
"2172","1.43"
"2173","1.43"
"2174","1.43"
"2175","1.17"
"2176","1.17"
"2177","1.17"
"2178","1.17"
"2179","1.17"
"2180","1.32"
"2181","1.32"
"2182","1.32"
"2183","1.32"
"2184","1.32"
"2185","1.63"
"2186","1.63"
"2187","1.63"
"2188","1.63"
"2189","1.63"
"2190","1.84"
"2191","1.84"
"2192","1.84"
"2193","1.84"
"2194","1.84"
"2195","1.53"
"2196","1.53"
"2197","1.53"
"2198","1.53"
"2199","1.53"
"2200","1.99"
"2201","1.99"
"2202","1.99"
"2203","1.99"
"2204","1.99"
"2205","2.04"
"2206","2.04"
"2207","2.04"
"2208","2.04"
"2209","2.04"
"2210","2.10"
"2211","2.10"
"2212","2.10"
"2213","2.10"
"2214","2.10"
"2215","2.21"
"2216","2.21"
"2217","2.21"
"2218","2.21"
"2219","2.21"
"2220","2.48"
"2221","2.48"
"2222","2.48"
"2223","2.48"
"2224","2.48"
"2225","2.61"
"2226","2.61"
"2227","2.61"
"2228","2.61"
"2229","2.61"
"2230","2.61"
"2231","2.73"
"2232","2.73"
"2233","2.73"
"2234","2.73"
"2235","2.73"
"2236","2.73"
"2237","2.58"
"2238","2.58"
"2239","2.58"
"2240","2.58"
"2241","2.58"
"2242","2.58"
"2243","2.83"
"2244","2.83"
"2245","2.83"
"2246","2.83"
"2247","2.83"
"2248","2.18"
"2249","2.18"
"2250","2.18"
"2251","2.18"
"2252","2.18"
"2253","2.00"
"2254","2.00"
"2255","2.00"
"2256","2.00"
"2257","2.00"
"2258","2.04"
"2259","2.04"
"2260","2.04"
"2261","2.04"
"2262","2.04"
"2263","2.26"
"2264","2.26"
"2265","2.26"
"2266","2.26"
"2267","2.26"
"2268","2.24"
"2269","2.24"
"2270","2.24"
"2271","2.24"
"2272","2.24"
"2273","1.55"
"2274","1.55"
"2275","1.55"
"2276","1.55"
"2277","1.55"
"2278","1.44"
"2279","1.44"
"2280","1.44"
"2281","1.44"
"2282","1.44"
"2283","1.65"
"2284","1.65"
"2285","1.65"
"2286","1.65"
"2287","1.65"
"2288","1.12"
"2289","1.12"
"2290","1.12"
"2291","1.12"
"2292","1.12"
"2293","0.92"
"2294","0.92"
"2295","0.92"
"2296","0.92"
"2297","0.92"
"2298","0.92"
"2299","0.92"
"2300","0.92"
"2301","0.92"
"2302","0.92"
"2303","0.76"
"2304","0.76"
"2305","0.76"
"2306","0.76"
"2307","0.76"
"2308","0.64"
"2309","0.64"
"2310","0.64"
"2311","0.64"
"2312","0.64"
"2313","1.09"
"2314","1.09"
"2315","1.09"
"2316","1.09"
"2317","1.09"
"2318","1.02"
"2319","1.02"
"2320","1.02"
"2321","1.02"
"2322","1.02"
"2323","0.74"
"2324","0.74"
"2325","0.74"
"2326","0.74"
"2327","0.74"
"2328","0.64"
"2329","0.64"
"2330","0.64"
"2331","0.64"
"2332","0.64"
"2333","0.28"
"2334","0.28"
"2335","0.28"
"2336","0.28"
"2337","0.28"
"2338","-0.17"
"2339","-0.17"
"2340","-0.17"
"2341","-0.17"
"2342","-0.17"
"2343","-0.53"
"2344","-0.53"
"2345","-0.53"
"2346","-0.53"
"2347","-0.53"
"2348","-0.39"
"2349","-0.39"
"2350","-0.39"
"2351","-0.39"
"2352","-0.39"
"2353","-0.34"
"2354","-0.34"
"2355","-0.34"
"2356","-0.34"
"2357","-0.34"
"2358","-0.40"
"2359","-0.40"
"2360","-0.40"
"2361","-0.40"
"2362","-0.40"
"2363","-0.37"
"2364","-0.37"
"2365","-0.37"
"2366","-0.37"
"2367","-0.37"
"2368","-0.43"
"2369","-0.43"
"2370","-0.43"
"2371","-0.43"
"2372","-0.43"
"2373","-0.73"
"2374","-0.73"
"2375","-0.73"
"2376","-0.73"
"2377","-0.73"
"2378","-0.92"
"2379","-0.92"
"2380","-0.92"
"2381","-0.92"
"2382","-0.92"
"2383","-1.16"
"2384","-1.16"
"2385","-1.16"
"2386","-1.16"
"2387","-1.16"
"2388","-1.42"
"2389","-1.42"
"2390","-1.42"
"2391","-1.42"
"2392","-1.42"
"2393","-1.97"
"2394","-1.97"
"2395","-1.97"
"2396","-1.97"
"2397","-1.97"
"2398","-2.02"
"2399","-2.02"
"2400","-2.02"
"2401","-2.02"
"2402","-2.02"
"2403","-1.92"
"2404","-1.92"
"2405","-1.92"
"2406","-1.92"
"2407","-1.92"
"2408","-2.33"
"2409","-2.33"
"2410","-2.33"
"2411","-2.33"
"2412","-2.33"
"2413","-2.22"
"2414","-2.22"
"2415","-2.22"
"2416","-2.22"
"2417","-2.22"
"2418","-2.44"
"2419","-2.44"
"2420","-2.44"
"2421","-2.44"
"2422","-2.44"
"2423","-2.68"
"2424","-2.68"
"2425","-2.68"
"2426","-2.68"
"2427","-2.68"
"2428","-2.48"
"2429","-2.48"
"2430","-2.48"
"2431","-2.48"
"2432","-2.48"
"2433","-2.59"
"2434","-2.59"
"2435","-2.59"
"2436","-2.59"
"2437","-2.59"
"2438","-3.09"
"2439","-3.09"
"2440","-3.09"
"2441","-3.09"
"2442","-3.09"
"2443","-3.09"
"2444","-2.89"
"2445","-2.89"
"2446","-2.89"
"2447","-2.89"
"2448","-2.89"
"2449","-2.90"
"2450","-2.90"
"2451","-2.90"
"2452","-2.90"
"2453","-2.90"
"2454","-3.09"
"2455","-3.09"
"2456","-3.09"
"2457","-3.09"
"2458","-3.01"
"2459","-3.01"
"2460","-3.01"
"2461","-3.01"
"2462","-3.01"
"2463","-2.65"
"2464","-2.65"
"2465","-2.65"
"2466","-2.65"
"2467","-2.65"
"2468","-2.59"
"2469","-2.59"
"2470","-2.59"
"2471","-2.59"
"2472","-2.33"
"2473","-2.33"
"2474","-2.33"
"2475","-2.33"
"2476","-2.33"
"2477","-2.12"
"2478","-2.12"
"2479","-2.12"
"2480","-2.12"
"2481","-2.12"
"2482","-1.97"
"2483","-1.97"
"2484","-1.97"
"2485","-1.97"
"2486","-1.97"
"2487","-2.16"
"2488","-2.16"
"2489","-2.16"
"2490","-2.16"
"2491","-2.16"
"2492","-1.38"
"2493","-1.38"
"2494","-1.38"
"2495","-1.38"
"2496","-1.38"
"2497","-1.22"
"2498","-1.22"
"2499","-1.22"
"2500","-1.22"
"2501","-1.22"
"2502","-1.47"
"2503","-1.47"
"2504","-1.47"
"2505","-1.47"
"2506","-1.47"
"2507","-1.28"
"2508","-1.28"
"2509","-1.28"
"2510","-1.28"
"2511","-1.28"
"2512","-2.00"
"2513","-2.00"
"2514","-2.00"
"2515","-2.00"
"2516","-2.00"
"2517","-1.90"
"2518","-1.90"
"2519","-1.90"
"2520","-1.90"
"2521","-1.90"
"2522","-1.37"
"2523","-1.37"
"2524","-1.37"
"2525","-1.37"
"2526","-1.37"
"2527","-0.82"
"2528","-0.82"
"2529","-0.82"
"2530","-0.82"
"2531","-0.82"
"2532","-0.72"
"2533","-0.72"
"2534","-0.72"
"2535","-0.72"
"2536","-0.72"
"2537","-0.81"
"2538","-0.81"
"2539","-0.81"
"2540","-0.81"
"2541","-0.84"
"2542","-0.84"
"2543","-0.84"
"2544","-0.84"
"2545","-0.84"
"2546","-0.66"
"2547","-0.66"
"2548","-0.66"
"2549","-0.66"
"2550","-0.66"
"2551","-0.54"
"2552","-0.54"
"2553","-0.54"
"2554","-0.54"
"2555","-0.54"
"2556","-0.35"
"2557","-0.35"
"2558","-0.35"
"2559","-0.35"
"2560","-0.35"
"2561","-0.06"
"2562","-0.06"
"2563","-0.06"
"2564","-0.06"
"2565","0.19"
"2566","0.19"
"2567","0.19"
"2568","0.19"
"2569","0.19"
"2570","0.01"
"2571","0.01"
"2572","0.01"
"2573","0.01"
"2574","0.01"
"2575","0.11"
"2576","0.11"
"2577","0.11"
"2578","0.11"
"2579","0.11"
"2580","0.41"
"2581","0.41"
"2582","0.41"
"2583","0.41"
"2584","0.41"
"2585","0.53"
"2586","0.53"
"2587","0.53"
"2588","0.53"
"2589","0.53"
"2590","0.77"
"2591","0.77"
"2592","0.77"
"2593","0.77"
"2594","0.77"
"2595","0.98"
"2596","0.98"
"2597","0.98"
"2598","0.98"
"2599","0.98"
"2600","1.15"
"2601","1.15"
"2602","1.15"
"2603","1.15"
"2604","1.15"
"2605","1.47"
"2606","1.47"
"2607","1.47"
"2608","1.47"
"2609","1.47"
"2610","1.67"
"2611","1.67"
"2612","1.67"
"2613","1.67"
"2614","1.67"
"2615","1.83"
"2616","1.83"
"2617","1.83"
"2618","1.83"
"2619","1.83"
"2620","2.58"
"2621","2.58"
"2622","2.58"
"2623","2.58"
"2624","2.58"
"2625","2.58"
"2626","2.58"
"2627","2.58"
"2628","2.58"
"2629","2.58"
"2630","2.50"
"2631","2.50"
"2632","2.50"
"2633","2.50"
"2634","2.50"
"2635","2.38"
"2636","2.38"
"2637","2.38"
"2638","2.38"
"2639","2.38"
"2640","2.21"
"2641","2.21"
"2642","2.21"
"2643","2.21"
"2644","2.21"
"2645","2.75"
"2646","2.75"
"2647","2.75"
"2648","2.75"
"2649","2.75"
"2650","2.69"
"2651","2.69"
"2652","2.69"
"2653","2.69"
"2654","2.69"
"2655","2.91"
"2656","2.91"
"2657","2.91"
"2658","2.91"
"2659","2.91"
"2660","3.43"
"2661","3.43"
"2662","3.43"
"2663","3.43"
"2664","3.43"
"2665","3.23"
"2666","3.23"
"2667","3.23"
"2668","3.23"
"2669","3.23"
"2670","3.02"
"2671","3.02"
"2672","3.02"
"2673","3.02"
"2674","3.02"
"2675","3.41"
"2676","3.41"
"2677","3.41"
"2678","3.41"
"2679","3.41"
"2680","3.33"
"2681","3.33"
"2682","3.33"
"2683","3.33"
"2684","3.33"
"2685","3.34"
"2686","3.34"
"2687","3.34"
"2688","3.34"
"2689","3.34"
"2690","3.25"
"2691","3.25"
"2692","3.25"
"2693","3.25"
"2694","3.25"
"2695","3.60"
"2696","3.60"
"2697","3.60"
"2698","3.60"
"2699","3.60"
"2700","3.49"
"2701","3.49"
"2702","3.49"
"2703","3.49"
"2704","3.49"
"2705","3.57"
"2706","3.57"
"2707","3.57"
"2708","3.57"
"2709","3.57"
"2710","3.98"
"2711","3.98"
"2712","3.98"
"2713","3.98"
"2714","3.98"
"2715","4.05"
"2716","4.05"
"2717","4.05"
"2718","4.05"
"2719","4.05"
"2720","4.23"
"2721","4.23"
"2722","4.23"
"2723","4.23"
"2724","4.23"
"2725","4.44"
"2726","4.44"
"2727","4.44"
"2728","4.44"
"2729","4.44"
"2730","3.76"
"2731","3.76"
"2732","3.76"
"2733","3.76"
"2734","3.76"
"2735","3.22"
"2736","3.22"
"2737","3.22"
"2738","3.22"
"2739","3.22"
"2740","3.60"
"2741","3.60"
"2742","3.60"
"2743","3.60"
"2744","3.60"
"2745","2.68"
"2746","2.68"
"2747","2.68"
"2748","2.68"
"2749","2.68"
"2750","2.00"
"2751","2.00"
"2752","2.00"
"2753","2.00"
"2754","2.00"
"2755","2.07"
"2756","2.07"
"2757","2.07"
"2758","2.07"
"2759","2.07"
"2760","1.75"
"2761","1.75"
"2762","1.75"
"2763","1.75"
"2764","1.75"
"2765","1.49"
"2766","1.49"
"2767","1.49"
"2768","1.49"
"2769","1.49"
"2770","1.71"
"2771","1.71"
"2772","1.71"
"2773","1.71"
"2774","1.71"
"2775","1.81"
"2776","1.81"
"2777","1.81"
"2778","1.81"
"2779","1.81"
"2780","1.67"
"2781","1.67"
"2782","1.67"
"2783","1.67"
"2784","1.67"
"2785","1.63"
"2786","1.63"
"2787","1.63"
"2788","1.63"
"2789","1.63"
"2790","1.59"
"2791","1.59"
"2792","1.59"
"2793","1.59"
"2794","1.59"
"2795","1.60"
"2796","1.60"
"2797","1.60"
"2798","1.60"
"2799","1.60"
"2800","1.50"
"2801","1.50"
"2802","1.50"
"2803","1.50"
"2804","1.50"
"2805","1.43"
"2806","1.43"
"2807","1.43"
"2808","1.43"
"2809","1.43"
"2810","1.14"
"2811","1.14"
"2812","1.14"
"2813","1.14"
"2814","1.14"
"2815","0.77"
"2816","0.77"
"2817","0.77"
"2818","0.77"
"2819","0.77"
"2820","0.30"
"2821","0.30"
"2822","0.30"
"2823","0.30"
"2824","0.30"
"2825","-0.09"
"2826","-0.09"
"2827","-0.09"
"2828","-0.09"
"2829","-0.09"
"2830","-0.36"
"2831","-0.36"
"2832","-0.36"
"2833","-0.36"
"2834","-0.36"
"2835","-0.39"
"2836","-0.39"
"2837","-0.39"
"2838","-0.39"
"2839","-0.39"
"2840","-0.32"
"2841","-0.32"
"2842","-0.32"
"2843","-0.32"
"2844","-0.32"
"2845","-0.40"
"2846","-0.40"
"2847","-0.40"
"2848","-0.40"
"2849","-0.40"
"2850","-0.58"
"2851","-0.58"
"2852","-0.58"
"2853","-0.58"
"2854","-0.58"
"2855","-0.89"
"2856","-0.89"
"2857","-0.89"
"2858","-0.89"
"2859","-0.89"
"2860","-1.25"
"2861","-1.25"
"2862","-1.25"
"2863","-1.25"
"2864","-1.25"
"2865","-1.53"
"2866","-1.53"
"2867","-1.53"
"2868","-1.53"
"2869","-1.53"
"2870","-1.69"
"2871","-1.69"
"2872","-1.69"
"2873","-1.69"
"2874","-1.69"
"2875","-1.92"
"2876","-1.92"
"2877","-1.92"
"2878","-1.92"
"2879","-1.92"
"2880","-2.41"
"2881","-2.41"
"2882","-2.41"
"2883","-2.41"
"2884","-2.41"
"2885","-3.04"
"2886","-3.04"
"2887","-3.04"
"2888","-3.04"
"2889","-3.04"
"2890","-3.41"
"2891","-3.41"
"2892","-3.41"
"2893","-3.41"
"2894","-3.41"
"2895","-3.44"
"2896","-3.44"
"2897","-3.44"
"2898","-3.44"
"2899","-3.44"
"2900","-3.46"
"2901","-3.46"
"2902","-3.46"
"2903","-3.46"
"2904","-3.46"
"2905","-3.65"
"2906","-3.65"
"2907","-3.65"
"2908","-3.65"
"2909","-3.65"
"2910","-3.80"
"2911","-3.80"
"2912","-3.80"
"2913","-3.80"
"2914","-3.80"
"2915","-4.52"
"2916","-4.52"
"2917","-4.52"
"2918","-4.52"
"2919","-4.52"
"2920","-4.81"
"2921","-4.81"
"2922","-4.81"
"2923","-4.81"
"2924","-4.81"
"2925","-5.07"
"2926","-5.07"
"2927","-5.07"
"2928","-5.07"
"2929","-5.07"
"2930","-5.79"
"2931","-5.79"
"2932","-5.79"
"2933","-5.79"
"2934","-5.79"
"2935","-6.08"
"2936","-6.08"
"2937","-6.08"
"2938","-6.08"
"2939","-6.08"
"2940","-6.28"
"2941","-6.28"
"2942","-6.28"
"2943","-6.28"
"2944","-6.28"
"2945","-6.05"
"2946","-6.05"
"2947","-6.05"
"2948","-6.05"
"2949","-6.05"
"2950","-5.65"
"2951","-5.65"
"2952","-5.65"
"2953","-5.65"
"2954","-5.65"
"2955","-5.54"
"2956","-5.54"
"2957","-5.54"
"2958","-5.54"
"2959","-5.54"
"2960","-5.36"
"2961","-5.36"
"2962","-5.36"
"2963","-5.36"
"2964","-5.36"
"2965","-5.16"
"2966","-5.16"
"2967","-5.16"
"2968","-5.16"
"2969","-5.28"
"2970","-5.28"
"2971","-5.28"
"2972","-5.28"
"2973","-5.28"
"2974","-4.15"
"2975","-4.15"
"2976","-4.15"
"2977","-4.15"
"2978","-4.15"
"2979","-4.91"
"2980","-4.91"
"2981","-4.91"
"2982","-4.91"
"2983","-4.91"
"2984","-5.16"
"2985","-5.16"
"2986","-5.16"
"2987","-5.16"
"2988","-5.16"
"2989","-4.78"
"2990","-4.78"
"2991","-4.78"
"2992","-4.78"
"2993","-3.98"
"2994","-3.98"
"2995","-3.98"
"2996","-3.98"
"2997","-3.98"
"2998","-3.44"
"2999","-3.44"
"3000","-3.44"
"3001","-3.44"
"3002","-3.44"
"3003","-3.67"
"3004","-3.67"
"3005","-3.67"
"3006","-3.67"
"3007","-3.67"
"3008","-3.93"
"3009","-3.93"
"3010","-3.93"
"3011","-3.93"
"3012","-3.93"
"3013","-3.85"
"3014","-3.85"
"3015","-3.85"
"3016","-3.85"
"3017","-3.85"
"3018","-3.67"
"3019","-3.67"
"3020","-3.67"
"3021","-3.67"
"3022","-3.67"
"3023","-3.51"
"3024","-3.51"
"3025","-3.51"
"3026","-3.51"
"3027","-3.25"
"3028","-3.25"
"3029","-3.25"
"3030","-3.25"
"3031","-1.93"
"3032","-1.93"
"3033","-1.93"
"3034","-1.93"
"3035","-1.93"
"3036","-2.05"
"3037","-2.05"
"3038","-2.05"
"3039","-2.05"
"3040","-2.05"
"3041","-1.58"
"3042","-1.58"
"3043","-1.58"
"3044","-1.58"
"3045","-1.58"
"3046","-1.98"
"3047","-1.98"
"3048","-1.98"
"3049","-1.98"
"3050","-3.39"
"3051","-3.39"
"3052","-3.39"
"3053","-3.39"
"3054","-3.39"
"3055","-3.89"
"3056","-3.89"
"3057","-3.89"
"3058","-3.89"
"3059","-4.06"
"3060","-4.06"
"3061","-4.06"
"3062","-4.06"
"3063","-4.06"
"3064","-4.06"
"3065","-4.06"
"3066","-4.06"
"3067","-3.79"
"3068","-3.79"
"3069","-3.79"
"3070","-3.79"
"3071","-3.49"
"3072","-3.49"
"3073","-3.49"
"3074","-3.49"
"3075","-3.49"
"3076","-3.48"
"3077","-3.48"
"3078","-3.48"
"3079","-3.48"
"3080","-3.48"
"3081","-3.43"
"3082","-3.43"
"3083","-3.43"
"3084","-3.43"
"3085","-3.37"
"3086","-3.37"
"3087","-3.37"
"3088","-3.37"
"3089","-3.29"
"3090","-3.29"
"3091","-3.29"
"3092","-3.29"
"3093","-3.32"
"3094","-3.32"
"3095","-3.32"
"3096","-3.32"
"3097","-3.32"
"3098","-3.39"
"3099","-3.39"
"3100","-3.39"
"3101","-3.39"
"3102","-3.39"
"3103","-3.35"
"3104","-3.35"
"3105","-3.35"
"3106","-3.35"
"3107","-3.35"
"3108","-3.31"
"3109","-3.31"
"3110","-3.31"
"3111","-3.31"
"3112","-3.31"
"3113","-3.19"
"3114","-3.19"
"3115","-3.19"
"3116","-3.19"
"3117","-3.19"
"3118","-3.14"
"3119","-3.14"
"3120","-3.14"
"3121","-3.14"
"3122","-3.14"
"3123","-3.17"
"3124","-3.17"
"3125","-3.17"
"3126","-3.17"
"3127","-3.27"
"3128","-3.27"
"3129","-3.27"
"3130","-3.27"
"3131","-3.36"
"3132","-3.36"
"3133","-3.36"
"3134","-3.36"
"3135","-3.45"
"3136","-3.45"
"3137","-3.45"
"3138","-3.45"
"3139","-3.45"
"3140","-3.57"
"3141","-3.57"
"3142","-3.57"
"3143","-3.57"
"3144","-3.57"
"3145","-3.77"
"3146","-3.77"
"3147","-3.77"
"3148","-3.77"
"3149","-3.77"
"3150","-4.02"
"3151","-4.02"
"3152","-4.02"
"3153","-4.02"
"3154","-4.02"
"3155","-3.53"
"3156","-3.53"
"3157","-3.53"
"3158","-3.53"
"3159","-3.29"
"3160","-3.29"
"3161","-3.29"
"3162","-3.29"
"3163","-3.10"
"3164","-3.10"
"3165","-3.10"
"3166","-3.10"
"3167","-2.81"
"3168","-2.81"
"3169","-2.81"
"3170","-2.81"
"3171","-2.81"
"3172","-2.53"
"3173","-2.53"
"3174","-2.53"
"3175","-2.53"
"3176","-2.53"
"3177","-2.22"
"3178","-2.22"
"3179","-2.22"
"3180","-2.22"
"3181","-2.18"
"3182","-2.18"
"3183","-2.18"
"3184","-2.18"
"3185","-2.18"
"3186","-2.29"
"3187","-2.29"
"3188","-2.29"
"3189","-2.29"
"3190","-2.29"
"3191","-2.41"
"3192","-2.41"
"3193","-2.41"
"3194","-2.41"
"3195","-2.41"
"3196","-2.46"
"3197","-2.46"
"3198","-2.46"
"3199","-2.46"
"3200","-2.46"
"3201","-2.17"
"3202","-2.17"
"3203","-2.17"
"3204","-2.17"
"3205","-1.87"
"3206","-1.87"
"3207","-1.87"
"3208","-1.87"
"3209","-1.61"
"3210","-1.61"
"3211","-1.61"
"3212","-1.61"
"3213","-1.50"
"3214","-1.50"
"3215","-1.50"
"3216","-1.50"
"3217","-1.50"
"3218","-1.55"
"3219","-1.55"
"3220","-1.55"
"3221","-1.55"
"3222","-1.55"
"3223","-1.58"
"3224","-1.58"
"3225","-1.58"
"3226","-1.58"
"3227","-1.58"
"3228","-1.62"
"3229","-1.62"
"3230","-1.62"
"3231","-1.62"
"3232","-1.62"
"3233","-1.57"
"3234","-1.57"
"3235","-1.57"
"3236","-1.57"
"3237","-1.57"
"3238","-1.37"
"3239","-1.37"
"3240","-1.37"
"3241","-1.37"
"3242","-1.37"
"3243","-1.14"
"3244","-1.14"
"3245","-1.14"
"3246","-1.14"
"3247","-0.87"
"3248","-0.87"
"3249","-0.87"
"3250","-0.87"
"3251","-0.63"
"3252","-0.63"
"3253","-0.63"
"3254","-0.63"
"3255","-0.38"
"3256","-0.38"
"3257","-0.38"
"3258","-0.38"
"3259","-0.38"
"3260","-0.12"
"3261","-0.12"
"3262","-0.12"
"3263","-0.12"
"3264","-0.12"
"3265","0.18"
"3266","0.18"
"3267","0.18"
"3268","0.18"
"3269","0.36"
"3270","0.36"
"3271","0.36"
"3272","0.36"
"3273","0.36"
"3274","0.60"
"3275","0.60"
"3276","0.60"
"3277","0.60"
"3278","0.60"
"3279","0.83"
"3280","0.83"
"3281","0.83"
"3282","0.83"
"3283","0.83"
"3284","0.90"
"3285","0.90"
"3286","0.90"
"3287","0.90"
"3288","0.90"
"3289","0.89"
"3290","0.89"
"3291","0.89"
"3292","0.89"
"3293","0.89"
"3294","0.82"
"3295","0.82"
"3296","0.82"
"3297","0.82"
"3298","0.82"
"3299","0.57"
"3300","0.57"
"3301","0.57"
"3302","0.57"
"3303","0.57"
"3304","0.31"
"3305","0.31"
"3306","0.31"
"3307","0.31"
"3308","0.31"
"3309","0.12"
"3310","0.12"
"3311","0.12"
"3312","0.12"
"3313","0.12"
"3314","0.17"
"3315","0.17"
"3316","0.17"
"3317","0.17"
"3318","0.17"
"3319","0.43"
"3320","0.43"
"3321","0.43"
"3322","0.43"
"3323","0.43"
"3324","0.51"
"3325","0.51"
"3326","0.51"
"3327","0.51"
"3328","0.51"
"3329","0.45"
"3330","0.45"
"3331","0.45"
"3332","0.45"
"3333","0.45"
"3334","0.34"
"3335","0.34"
"3336","0.34"
"3337","0.34"
"3338","0.33"
"3339","0.33"
"3340","0.33"
"3341","0.33"
"3342","0.33"
"3343","0.54"
"3344","0.54"
"3345","0.54"
"3346","0.54"
"3347","0.54"
"3348","0.77"
"3349","0.77"
"3350","0.77"
"3351","0.77"
"3352","0.77"
"3353","0.75"
"3354","0.75"
"3355","0.75"
"3356","0.75"
"3357","0.75"
"3358","0.44"
"3359","0.44"
"3360","0.44"
"3361","0.44"
"3362","0.29"
"3363","0.29"
"3364","0.29"
"3365","0.29"
"3366","0.29"
"3367","0.52"
"3368","0.52"
"3369","0.52"
"3370","0.52"
"3371","0.52"
"3372","0.92"
"3373","0.92"
"3374","0.92"
"3375","0.92"
"3376","0.92"
"3377","1.23"
"3378","1.23"
"3379","1.23"
"3380","1.23"
"3381","1.23"
"3382","1.43"
"3383","1.43"
"3384","1.43"
"3385","1.43"
"3386","1.43"
"3387","1.66"
"3388","1.66"
"3389","1.66"
"3390","1.66"
"3391","1.66"
"3392","1.82"
"3393","1.82"
"3394","1.82"
"3395","1.82"
"3396","1.90"
"3397","1.90"
"3398","1.90"
"3399","1.90"
"3400","1.90"
"3401","1.84"
"3402","1.84"
"3403","1.84"
"3404","1.84"
"3405","1.84"
"3406","1.67"
"3407","1.67"
"3408","1.67"
"3409","1.67"
"3410","1.55"
"3411","1.55"
"3412","1.55"
"3413","1.55"
"3414","1.55"
"3415","1.50"
"3416","1.50"
"3417","1.50"
"3418","1.50"
"3419","1.45"
"3420","1.45"
"3421","1.45"
"3422","1.45"
"3423","1.45"
"3424","1.18"
"3425","1.18"
"3426","1.18"
"3427","1.18"
"3428","1.18"
"3429","0.94"
"3430","0.94"
"3431","0.94"
"3432","0.94"
"3433","0.94"
"3434","0.74"
"3435","0.74"
"3436","0.74"
"3437","0.74"
"3438","0.74"
"3439","0.56"
"3440","0.56"
"3441","0.56"
"3442","0.56"
"3443","0.50"
"3444","0.50"
"3445","0.50"
"3446","0.50"
"3447","0.50"
"3448","0.59"
"3449","0.59"
"3450","0.59"
"3451","0.59"
"3452","0.59"
"3453","0.78"
"3454","0.78"
"3455","0.78"
"3456","0.78"
"3457","0.78"
"3458","0.83"
"3459","0.83"
"3460","0.83"
"3461","0.83"
"3462","0.83"
"3463","0.86"
"3464","0.86"
"3465","0.86"
"3466","0.86"
"3467","0.86"
"3468","0.84"
"3469","0.84"
"3470","0.84"
"3471","0.84"
"3472","0.84"
"3473","0.84"
"3474","0.84"
"3475","0.84"
"3476","0.84"
"3477","0.84"
"3478","0.84"
"3479","0.84"
"3480","0.84"
"3481","0.84"
"3482","0.84"
"3483","0.82"
"3484","0.82"
"3485","0.82"
"3486","0.82"
"3487","0.82"
"3488","0.18"
"3489","0.18"
"3490","0.18"
"3491","0.18"
"3492","0.18"
"3493","-0.10"
"3494","-0.10"
"3495","-0.10"
"3496","-0.10"
"3497","-0.10"
"3498","1.18"
"3499","1.18"
"3500","1.18"
"3501","1.18"
